Target Code,Common Species Name,Target ID,Target ID1,Target Status Category,Target Comments,Target Description,Construct ID,Vector Name,Construct DNA Sequence,Construct Protein Sequence (no tag),Expression ID,Expression Scale,Purification ID,PurProt Culture Volume (litres),PurProt Yield (mg),PurProt Concentration (mg/ml),PurProt Conc Method,PurProt Volume (ul),PurProt Buffer,Column 1,Column 2,Column 3,Xtal Plate Barcode,Xtalln Screen ID,Protein Sequence,GenBank Protein URL
WN,West Nile virus,QQ01WNVNS2B,QQ01WNVNS2B,10: Fusion,[Lucas] Protein Fusion Target containing WNVNS2B+WNVNS3,polyprotein precursor [West Nile virus],QQ01WNVNS2B-cC001,pNIC-NHStIIT,atgcaccatcatcatcatcattcttctggtgcgagctggagtcacccacaattcgagaaaggtggtggctctggtggcggttcaggcggctccgcctggtcccatccacagtttgaaaagggttctggtgtagatctgggtaccgagaacctgtacttccaatccATGAGCACTGATATGTGGATTGAACGCACGGCAGACATCAGCTGGGAGTCGGATGCTGAGATCACAGGTTCAAGCGAAAGAGTGGATGTACGATTAGACGATGACGGTAATTTTCAACTGATGAATGACCCTGGCGCGCCGTGGAAAGGCGGCGGCGGCTCTGGTGGAGGAGGTGGCGTTTTGTGGGACACGCCGTCCCCCAAAGAATACAAGAAGGGTGACACGACTACCGGTGTTTACAGAATTATGACCCGGGGTTTGCTTGGGTCGTACCAGGCCGGGGCAGGGGTGATGGTAGAGGGAGTTTTCCATACCTTATGGCACACTACCAAAGGTGCCGCACTTATGTCTGGTGAGGGTCGCCTTGATCCTTATTGGGGTAGCGTAAAAGAGGATCGGCTCTGTTACGGCGGACCATGGAAGCTTCAACACAAGTGGAACGGACAGGATGAAGTTCAGATGATTGTCGTAGAGCCGGGCAAGAATGTCAAGAACGTGCAAACAAAGCCCGGTGTATTCAAAACGCCGGAAGGCGAAATTGGCGCTGTGACCCTTGACTTTCCAACTGGGACCAGCGGCTCACCAATAGTCGACAAGAATGGAGATGTCATTGGGTTGTACGGAAATGGTGTTATTATGCCCAATGGCTCGTACATCTCCGCTATCGTACAAGGAGAGCGCATGGACGAACCGATACCTGCAGGCTTCGAACCTGAGATGTTAAGAAAGAAGTAATGA,SMSTDMWIERTADISWESDAEITGSSERVDVRLDDDGNFQLMNDPGAPWKGGGGSGGGGGVLWDTPSPKEYKKGDTTTGVYRIMTRGLLGSYQAGAGVMVEGVFHTLWHTTKGAALMSGEGRLDPYWGSVKEDRLCYGGPWKLQHKWNGQDEVQMIVVEPGKNVKNVQTKPGVFKTPEGEIGAVTLDFPTGTSGSPIVDKNGDVIGLYGNGVIMPNGSYISAIVQGERMDEPIPAGFEPEMLRKK ,QQ01WNVNS2B-e001,>1l,QQ01WNVNS2B-p001,1.0,20.0,5.0,,6000.0,"10 mM HEPES, pH 7.5, 0.5 M NaCl, 5% glycerol, 0.5 mM TCEP",Nis Sepharose FF 5 mL,Dialysis TEV rev IMAC,Superose 12 pg 125 mL,,,,
DV,Dengue virus 2 Thailand/16681/84,XX01D2VNS2B,XX01D2VNS2B,10: Complex,[Lucas] Co expression construct containing D2VNS2B+D2VNS3,polyprotein [Dengue virus 2 Thailand/16681/84],XX01D2VNS2B-cC001,pNIC-6HIS-SUMO-GG,atgCACCACCATCATCACCATGGCTCAGGAGATCAGGAAGCGAAACCTTCGACCGAGGACCTGGGCGACAAGAAAGAAGGGGAGTATATTAAGTTAAAGGTGATCGGCCAGGACTCAAGCGAGATCCACTTCAAAGTCAAAATGACCACGCACCTCAAGAAGTTGAAGGAGAGTTACTGTCAACGGCAAGGGGTTCCTATGAACTCGCTTCGCTTCCTGTTCGAGGGCCAGCGAATTGCGGACAACCACACACCTAAGGAACTTGGTATGGAAGAGGAAGACGTCATTGAGGTGTACCAGGAGCAGACAGGCGGCatggcagatttggagctggagcgcgccgcggacgtcaaatgggaagatcaagctgagatttcaggtagctcgccaatactttctattactatctctgaggacggttctatgtccattaagaacgaggaagaggaacaaacgctctaatgaaaataattttatttataaggagatataccatggcgggtgttttgtgggatgtaccgtctccaccacccatggggaaagctgagttagaggatggagcctatcgcatcaagcagaagggaatactgggctactcacaaatcggggccggggtatataaagagggcactttccacacaatgtggcacgtgacacgcggtgccgtccttatgcacaaagggaagcgcatcgaaccttcttgggcggatgtgaagaaggacctcatctcttacggtggcggttggaagttggaaggtgaatggaaagagggcgaggaagtgcaggtccttgccctggagcccggtaagaatccgcgcgcagtacagacgaaacccggcctgttcaagactaacgccggcactatcggcgccgtgtcattagacttctcgcccggtacttcgggatctccgatcatagataagaagggtaaggttgtcgggttgtacggtaacggtgtcgtaacacgcagcggggcgtacgtgagtgcaatagcccagacggagaagagcatcgaagacaacccagagatcgaagatgacatattccgtaagtaatga ,MADLELERAADVKWEDQAEISGSSPILSITISEDGSMSIKNEEEEQTL ,,,,,,,,,,,,,,,,https://www.ncbi.nlm.nih.gov/protein/2155258
EN,Enterovirus A71,A71EV2A,A71EV2A,1: Priority Target,,Human enterovirus 71 isolate 4643-TW98 polyprotein gene,A71EV2A-cC001,pNIC-6HIS-SUMO-GG,atgCACCACCATCATCACCATGGCTCAGGAGATCAGGAAGCGAAACCTTCGACCGAGGACCTGGGCGACAAGAAAGAAGGGGAGTATATTAAGTTAAAGGTGATCGGCCAGGACTCAAGCGAGATCCACTTCAAAGTCAAAATGACCACGCACCTCAAGAAGTTGAAGGAGAGTTACTGTCAACGGCAAGGGGTTCCTATGAACTCGCTTCGCTTCCTGTTCGAGGGCCAGCGAATTGCGGACAACCACACACCTAAGGAACTTGGTATGGAAGAGGAAGACGTCATTGAGGTGTACCAGGAGCAGACAGGCATGggaaagttcgggcaacaatcgggtgccatatatgtgggtaactatcgtgtggttaatcgccacctcgctactcacaatgattgggccaacttagtgtgggaggacagctctcgcgatctccttgtatcatcgaccactgcgcagggttgcgacaccattgcgcgctgtgattgccagacaggcgtgtattattgctcgtctcgtcgtaaacattatccggtttctttttctaagccgtcactgatctttgttgaagcgtcagagtactatccagcccgttatcagtcccatctgatgctggctgtgggtcacagcgaacccggggattgtggcggtatactgcgctgtcagcacggtgtagttggcattgtcagtacaggaggtaatgggttagtcggatttgccgatgtgcgggatttactgtggttggacgaggaggctatggaacagTAATGA,GMGKFGQQSGAIYVGNYRVVNRHLATHNDWANLVWEDSSRDLLVSSTTAQGCDTIARCDCQTGVYYCSSRRKHYPVSFSKPSLIFVEASEYYPARYQSHLMLAVGHSEPGDCGGILRCQHGVVGIVSTGGNGLVGFADVRDLLWLDEEAMEQ,A71EV2A-e001,,A71EV2A-p001,1.0,0.75,0.5,CenTRICON 10000 MWCO,1500.0,"10 mM HEPES, pH 7.5, 0.5 M NaCl, 5% glycerol, 0.5 mM TCEP",IMAC,SENP1 dialysis,revIMAC,,,,https://www.ncbi.nlm.nih.gov/nuccore/JN544418
ED,Enterovirus D68,D68EV2A,D68EV2A,1: Priority Target,,Enterovirus D68 strain EV-D68_STL_2014_12 polyprotein gene,D68EV2A-cC001,pNIC-6HIS-SUMO-GG,atgCACCACCATCATCACCATGGCTCAGGAGATCAGGAAGCGAAACCTTCGACCGAGGACCTGGGCGACAAGAAAGAAGGGGAGTATATTAAGTTAAAGGTGATCGGCCAGGACTCAAGCGAGATCCACTTCAAAGTCAAAATGACCACGCACCTCAAGAAGTTGAAGGAGAGTTACTGTCAACGGCAAGGGGTTCCTATGAACTCGCTTCGCTTCCTGTTCGAGGGCCAGCGAATTGCGGACAACCACACACCTAAGGAACTTGGTATGGAAGAGGAAGACGTCATTGAGGTGTACCAGGAGCAGACAGGCATGggtccgggctttgggggcgtatttgttggaagttttaaaattattaattaccaccttgcaacgattgaggagcgtcagtctgcaatttacgtcgattggcagagcgacgttcttgttacccctatagcagcacacgggagacaccagattgcccggtgtaagtgtaacacgggagtttattactgtagacatcgcgaccgcagttatccaatttgttttgagggacctggaatccagtggattgaacaaaatgaatactatcctgcacgttatcaaacaaatgtgttattggccgcgggcccggcggaggctggagattgtggcggtttactggtttgtccccacggcgttataggcctgttaacggcggggggtggaggtatcgtggcgtttacagacatacggaatctgctgtggctggatacggatgtcatggaacagTAATGA,GMGPGFGGVFVGSFKIINYHLATIEERQSAIYVDWQSDVLVTPIAAHGRHQIARCKCNTGVYYCRHRDRSYPICFEGPGIQWIEQNEYYPARYQTNVLLAAGPAEAGDCGGLLVCPHGVIGLLTAGGGGIVAFTDIRNLLWLDTDVMEQ,D68EV2A-e001,,D68EV2A-p001,1.0,3.0,5.0,CenTRICON 10000 MWCO,500.0,"10 mM HEPES, pH 7.5, 0.5 M NaCl, 5% glycerol, 0.5 mM TCEP",IMAC,SENP1 dialysis,revIMAC,,,,https://www.ncbi.nlm.nih.gov/nuccore/KM881710
ED,Enterovirus D68,D68EV3CPROA,D68EV3CPROA,1: Priority Target,[Lucas] Target added for ASAP project,polyprotein [enterovirus D68],D68EV3CPROA-cC001,pNIC-NOTAG-GG,ATGggaccgggattcgacttcgcacaagctattatgaaaaaaaatacggtgatcgcgcggaccgagaaaggcgagtttaccatgctgggggtatatgaccgcgtggccgttatccctacacacgcttctgttggcgaaattatttacataaatgatgtagaaacgcgcgttttggatgcgtgtgccttaagagacctgaccgacacaaatctcgaaattacaatagtgaagctggatcgaaaccagaagtttagagacattcgtcatttcctgcccagatgtgaagacgactataacgatgcggttttgtccgtgcatactagtaagtttcccaacatgtatattccagtgggccaggtgaccaattatggttttcttaaccttgggggaactccgacgcatcgtatcttgatgtataattttccaactagagcgggccagtgcggtggtgtggtcacaactacaggtaaagtaatcggcattcacgttggtgggaatggggctcagggttttgcagcgatgctgctgcactcctatttcaccgatacccaaaagcaccatcatcaccaccatTAATGA,MGPGFDFAQAIMKKNTVIARTEKGEFTMLGVYDRVAVIPTHASVGEIIYINDVETRVLDACALRDLTDTNLEITIVKLDRNQKFRDIRHFLPRCEDDYNDAVLSVHTSKFPNMYIPVGQVTNYGFLNLGGTPTHRILMYNFPTRAGQCGGVVTTTGKVIGIHVGGNGAQGFAAMLLHSYFTDTQKHHHHHH ,,,,,,,,,,,,,,,MQSIATVVAVVSLVYVIYKLFAGFQGAYSGAPKQTLKKPILRTATVQGPSLDFALSLLRRNIRQVQTDQGHFTMLGVRDRLAVLPRHSQPGKTIWVEHKLINILDAVELVDEQGVNLELTLVTLDTNEKFRDITKFIPENISAASDATLVINTEHMPSMFVPVGDVVQYGFLNLSGKPTHRTMMYNFPTKAGQCGGVVTSVGKVIGIHIGGNGRQGFCAGLKRSYFASEQGEIQWVKPNKETGRLNINGPTRTKLEPSVFHDVFEGNKE*,https://www.ncbi.nlm.nih.gov/protein/NP_042242.1?report=genbank&log$=prottop&blast_rank=4&RID=PWB72F9Y013
ZV,Zika virus,ZVNS5B,ZVNS5B,1: Priority Target,,polyprotein [Zika virus],ZVNS5B-cC900,Dummy,,,ZVNS5B-e001,>1l,ZVNS5B-p001,,,,,,,Ni,,,CI084534,JCSG7,,https://www.ncbi.nlm.nih.gov/protein/1386872122
EA,Enterovirus A ,A71EV3CPROA,A71EV3CPROA,1: Priority Target,[Lucas] Target added for ASAP project,genome polyprotein [Enterovirus A],A71EV3CPROA-cC001,pNIC-NOTAG-GG,ATGggtcctagcctggattttgcgttgtcattgctgcgccgtaatatcagacaggttcagaccgatcagggccatttcaccatgctcggagttcgcgatcgtttggcggtgctcccgcgtcactctcagccaggtaaaacgatttgggttgaacataaattaataaacatattggacgccgttgagctggttgatgaacagggtgtaaacttagaactgactttagtgaccctggataccaatgaaaagtttcgcgacattaccaaatttatccccgaaaatatctcagccgcctcagatgccacactggttatcaacactgagcacatgcccagcatgtttgtcccggttggagatgtagttcagtacggttttcttaacctgagcggtaagcctacacatcgtaccatgatgtataactttccgacgaaggctggtcagtgtgggggtgtggttacgagtgttggtaaagtgatcgggatacatataggagggaatggtcgtcagggcttttgcgctggtctgaaacgttcgtattttgcatcagaacagcttgagcaccatcatcaccaccatTAATGA,MGPSLDFALSLLRRNIRQVQTDQGHFTMLGVRDRLAVLPRHSQPGKTIWVEHKLINILDAVELVDEQGVNLELTLVTLDTNEKFRDITKFIPENISAASDATLVINTEHMPSMFVPVGDVVQYGFLNLSGKPTHRTMMYNFPTKAGQCGGVVTSVGKVIGIHIGGNGRQGFCAGLKRSYFASEQLEHHHHHH,,,,,,,,,,,,,,,Mqfkeikisvapdtpapdaindllrsvdsqevrdycqkkgwivihpsnelvvekhisrafitlqaiatfvsiagvvyviyklfagiqgpytgipnpkpkvpslrtakvqgpgfdfaqaimkkntviartekgeftmlgvydrvavipthasvgeiiyindvetrvldacalrdltdtnleitivkldrnqkfrdirhflprceddyndavlsvhtskfpnmyipvgqvtnygflnlggtpthrilmynfptragqcggvvtttgkvigihvggngaqgfaamllhsyftdtqgeivsneksgmcinapaktklqpsvfhqvfegskepavlnskdprlktdfeeaifskytgnkimlmdey*,https://www.ncbi.nlm.nih.gov/protein/YP_009505605.1?report=genbank&log$=prottop&blast_rank=2&RID=PWB8BT7E016
HC,Human betacoronavirus 2c EMC/2012,MVMPROA,MVMPROA,1: Priority Target,,orf1ab polyprotein [ Severe acute respiratory syndrome coronavirus 2 ],MVMPROA-cC900,Dummy,,,,,,,,,,,,,,,,,,https://www.ncbi.nlm.nih.gov/protein/407076745
CO,Severe acute respiratory syndrome coronavirus 2,CVNSP3A,CVNSP3A,1: Priority Target,,orf1ab polyprotein [ Severe acute respiratory syndrome coronavirus 2 ],CVNSP3A-cC001,pDEST17,ATGTCGTACTACCATCACCATCACCATCACCTCGAATCAACAAGTTTGTACAAAAAAGCAGGCTTCCTGGAAGTTCTGTTTCAGGGTCCTGAAGTTAATAGCTTTAGCGGTTATCTGAAACTGACCGATAACGTGTATATCAAAAACGCCGATATTGTGGAAGAGGCCAAAAAAGTTAAACCGACCGTTGTTGTTAATGCAGCCAATGTTTACCTGAAACATGGTGGTGGTGTTGCCGGTGCACTGAATAAAGCAACCAATAATGCAATGCAGGTTGAGAGCGACGATTATATTGCAACCAATGGTCCGCTGAAAGTTGGTGGTAGCTGTGTTCTGAGCGGTCATAATCTGGCAAAACACTGTCTGCATGTTGTTGGTCCGAATGTGAATAAAGGTGAAGATATTCAGCTGCTGAAAAGCGCCTATGAAAACTTTAATCAGCATGAAGTTCTGCTGGCACCGCTGCTGAGCGCAGGTATTTTTGGTGCAGATCCGATTCATAGCCTGCGTGTTTGTGTTGATACCGTTCGTACCAATGTGTATCTGGCAGTGTTTGATAAAAACCTGTATGACAAACTGGTGAGCAGCTTCTTAGAAATGAAAAGCGAGAAATAA,GPEVNSFSGYLKLTDNVYIKNADIVEEAKKVKPTVVVNAANVYLKHGGGVAGALNKATNNAMQVESDDYIATNGPLKVGGSCVLSGHNLAKHCLHVVGPNVNKGEDIQLLKSAYENFNQHEVLLAPLLSAGIFGADPIHSLRVCVDTVRTNVYLAVFDKNLYDKLVSSFLEMKSEK,CVNSP3A-e001,>100ml,CVNSP3A-p001,12.0,14.0,4.1,,3400.0,"25 mM HEPES pH 7.4, 300 mM NaCl, 5% glycerol, 0.5 mM TCEP","Ni-IMAC, S75",,,,,,
